symbol,newshares,oldshares,date,
AUTORIDFIN,3,2,1995-12-27,
FMGOETZE,3,2,1996-01-10,
INDIACEM,2,1,1996-01-24,
ATCOM,2,1,1996-01-24,
SUDARSCHEM,3,2,1996-02-14,
KSBPUMPS,2,1,1996-03-01,
BALRAMCHIN,5,2,1996-05-08,
ACC,8,5,1996-06-12,
NAVNETEDUL,3,2,1996-06-26,
JINDALPOLY,2,1,1996-07-10,
HINDALCO,3,2,1996-09-04,
ASIANELEC,2,1,1996-09-04,
BLOWPLAST,2,1,1996-10-03,
PAEL,3,2,1996-10-03,
PIDILITIND,2,1,1996-10-09,
RAYMOND,3,2,1996-10-09,
ADANIENT,2,1,1996-10-09,
ADORWELD,3,2,1996-10-09,
TRENT,2,1,1996-10-23,
GUJNRECOKE,21,10,1996-10-31,
EIHOTEL,3,2,1996-11-06,
IVP,3,2,1996-11-13,
PUNJABTRAC,2,1,1996-11-20,
SWARAJENG,2,1,1996-11-20,
ORIENTHOT,3,2,1996-11-21,
SHALPAINTS,8,5,1996-12-06,
WHEELS,2,1,1996-12-11,
ABB,4,3,1996-12-11,
MIRZAINT,2,1,1997-01-15,
OUDHSUG,10,1,1997-03-26,
GSKCONS,8,5,1997-06-25,
THOMASCOOK,5,3,1997-07-30,
ABIRLANUVO,3,2,1997-08-07,
INFY,2,1,1997-08-20,
CENTURYTEX,2,1,1997-09-03,
MAHSCOOTER,2,1,1997-09-10,
LAXMIMACH,2,1,1997-10-15,
WIPRO,3,1,1997-10-22,
CENTENKA,10,1,1997-10-27,
KOHINOOR,7,5,1997-10-29,
ALKYLAMINE,2,1,1997-10-29,
RELIANCE,2,1,1997-11-05,
PGHH,3,2,1997-11-19,
MOTHERSUMI,3,2,1997-11-26,
HINDSYNTEX,2,1,1997-12-24,
UPERGANGES,3,2,1997-12-29,
PAREKHPLAT,2,1,1998-06-03,
VLSFINANCE,2,1,1998-06-24,
SANGHIIND,3,1,1998-07-06,
HEROMOTOCO,2,1,1998-08-11,
JAYSREETEA,2,1,1998-08-19,
BASF,3,2,1998-09-23,
TRIGYN,2,1,1998-09-23,
MUNJALSHOW,2,1,1998-09-30,
JBCHEPHARM,2,1,1998-10-07,
BERGEPAINT,2,1,1998-10-14,
AUROPHARMA,2,1,1998-10-22,
RANBAXY,2,1,1998-11-18,
SBTINTL,2,1,1998-12-09,
INDNIPPON,13,5,1999-02-02,
INFY,2,1,1999-02-10,
PVP,2,1,1999-03-24,
SOUNDCRAFT,3,2,1999-04-21,
ABIRLANUVO,2,1,1999-07-14,
FINCABLES,2,1,1999-08-04,
HDFC,10,1,1999-08-11,
SATYAMCOMP,2,1,1999-08-11,
ARCHIES,2,1,1999-08-18,
HIMATSEIDE,2,1,1999-09-01,
IOC,2,1,1999-09-15,
BRITANNIA,3,2,1999-09-22,
WIPRO,5,1,1999-09-22,
ALEMBICLTD,10,1,1999-09-22,
HINDPETRO,3,2,1999-10-13,
CIPLA,3,1,1999-10-20,
ADANIENT,2,1,1999-11-03,
ENGINERSIN,3,1,1999-11-04,
BANCOINDIA,2,1,1999-11-17,
MAARSOFTW,2,1,1999-11-24,
MASTEK,2,1,1999-11-24,
ZEEL,10,1,1999-12-01,
AMBUJACEM,2,1,1999-12-15,
INFY,2,1,2000-01-27,
JMCPROJECT,3,2,2000-02-07,
MIRZAINT,2,1,2000-02-23,
CYBERTECH,9,4,2000-02-24,
SUNPHARMA,3,1,2000-03-08,
AUROPHARMA,2,1,2000-03-08,
UNICHEMLAB,2,1,2000-04-03,
NAVNETEDUL,2,1,2000-04-26,
POLARIS,2,1,2000-04-26,
VLSFINANCE,3,1,2000-05-03,
COMPUTECH,2,1,2000-05-10,
MAX,2,1,2000-05-10,
PIDILITIND,2,1,2000-05-31,
THOMASCOOK,5,2,2000-06-07,
PFIZER,2,1,2000-06-14,
HINDUNILVR,10,1,2000-07-05,
PUNJABTRAC,3,1,2000-07-19,
ELGIEQUIP,20,1,2000-08-02,
ASIANPAINT,8,5,2000-08-02,
SATYAMCOMP,5,1,2000-08-09,
JAYAGROGN,2,1,2000-08-23,
ELECTCAST,2,1,2000-09-12,
SRGINFOTEC,10,1,2000-09-20,
CYBERSPACE,5,1,2000-09-25,
SONATSOFTW,10,1,2000-09-27,
CLNINDIA,10,1,2000-10-11,
MASTEK,2,1,2000-11-01,
TATACOMM,3,1,2000-11-01,
MOREPENLAB,5,1,2000-11-06,
JENSONICOL,5,1,2000-11-15,
MOTHERSUMI,3,2,2000-11-15,
CUMMINSIND,5,1,2000-11-22,
DABUR,10,1,2000-11-29,
HCLTECH,2,1,2000-11-29,
ROOFITIND,2,1,2000-11-29,
BLUECHIP,7,5,2000-12-14,
BPCL,2,1,2000-12-20,
ESSELPACK,8,5,2000-12-20,
IPAPPM,10,1,2001-01-03,
IDBI,8,5,2001-02-07,
HEROMOTOCO,5,1,2001-03-14,
POLARIS,3,2,2001-07-09,
SRTRANSFIN,3,2,2001-07-10,
PREMIER,3,2,2001-07-20,
BLUEDART,2,1,2001-08-13,
MONSANTO,2,1,2001-08-17,
DALALSTCOM,10,1,2001-09-10,
GMBREW,3,2,2001-09-14,
DRREDDY,2,1,2001-10-15,
ONWARDTEC,5,2,2001-11-22,
LLOYDFIN,3,2,2001-12-04,
SSPOWER,3,2,2001-12-10,
KRISHNAENG,3,2,2001-12-21,
MANGTIMBER,3,2,2001-12-28,
DCMFINSERV,3,2,2001-12-31,
SOUNDCRAFT,5,1,2002-01-09,
SMARTLINK,5,1,2002-03-04,
RICOAUTO,2,1,2002-03-14,
FDC,10,1,2002-05-15,
MARICO,2,1,2002-08-14,
CYIENT,2,1,2002-08-21,
BALAJITELE,5,1,2002-09-25,
RANBAXY,8,5,2002-10-01,
ASAHIINDIA,10,1,2002-10-09,
KARURVYSYA,2,1,2002-10-18,
MOTHERSUMI,2,1,2002-10-23,
VISIONLTD,2,1,2002-10-24,
KTKBANK,2,1,2002-10-25,
JUBILANT,2,1,2002-11-12,
HDFC,2,1,2002-12-12,
INDNIPPON,17,10,2002-12-12,
SUNPHARMA,2,1,2003-01-13,
PANACEABIO,10,1,2003-02-03,
COSMOFILMS,2,1,2003-03-20,
GUJNRECOKE,3,2,2003-05-29,
MPHASIS,2,1,2003-07-02,
EXIDEIND,2,1,2003-07-03,
AMTEKAUTO,2,1,2003-07-24,
MIRCELECTR,2,1,2003-08-13,
IOC,3,2,2003-08-14,
ASIANPAINT,3,2,2003-08-22,
OFSS,2,1,2003-09-05,
HIKAL,3,2,2003-09-29,
GLENMARK,5,1,2003-10-27,
AUROPHARMA,2,1,2003-10-27,
RAMCOCEM,10,1,2003-11-07,
MOSERBAER,2,1,2003-11-27,
MIRCELECTR,10,1,2003-12-15,
TVSMOTOR,10,1,2003-12-18,
JINDALSTEL,2,1,2003-12-19,
HAVELLS,2,1,2003-12-31,
GUJALKALI,3,2,2004-01-08,
SUVEN,5,1,2004-01-16,
KABRAEXTRU,2,1,2004-01-19,
AFTEK,5,1,2004-01-21,
SUNDRMFAST,10,1,2004-01-23,
HSIL,2,1,2004-02-09,
SOUNDCRAFT,3,1,2004-02-23,
JSL,5,1,2004-03-01,
JUBILANT,8,5,2004-03-12,
MOTHERSUMI,5,1,2004-03-16,
UNICHEMLAB,4,1,2004-03-17,
BERGEPAINT,3,2,2004-03-24,
ALEMBICLTD,3,1,2004-03-25,
RADAAN,5,1,2004-04-08,
GUJNRECOKE,3,2,2004-04-20,
BAJAJHIND,10,1,2004-04-29,
FDC,2,1,2004-04-29,
WOCKPHARMA,3,1,2004-04-29,
MARICO,2,1,2004-05-06,
CIPLA,5,1,2004-05-12,
MPHASIS,2,1,2004-05-26,
SUNPHARMA,2,1,2004-05-27,
BSELINFRA,9,4,2004-06-09,
WIPRO,3,1,2004-06-25,
ASHOKLEY,10,1,2004-06-29,
INFY,4,1,2004-07-01,
PRICOL,15,1,2004-07-08,
PGHH,3,2,2004-07-09,
JAGSNPHARM,8,1,2004-07-21,
SHANTIGEAR,20,1,2004-07-27,
ADANIENT,10,1,2004-07-29,
GEOMETRIC,2,1,2004-08-02,
NUCLEUS,2,1,2004-08-06,
TATASTEEL,3,2,2004-08-11,
KANSAINER,5,3,2004-08-13,
CARBORUNIV,5,1,2004-08-17,
INDIANHUME,10,1,2004-08-23,
BERGEPAINT,5,1,2004-08-25,
KOTAKBANK,2,1,2004-08-25,
SONASTEER,5,1,2004-08-25,
TUBEINVEST,2,1,2004-08-31,
AMTEKAUTO,5,1,2004-10-05,
OPTOCIRCUI,13,10,2004-10-20,
ZANDUREALT,3,2,2004-10-21,
UCALFUEL,2,1,2004-10-25,
SPMLINFRA,5,1,2004-11-19,
FEDERALBNK,3,1,2004-11-29,
PEL,5,1,2004-12-27,
HSIL,5,3,2005-01-05,
AFTEK,3,2,2005-01-27,
IPCALAB,2,1,2005-01-28,
GUJNRECOKE,2,1,2005-02-09,
AARTIIND,3,1,2005-02-09,
VEDL,2,1,2005-02-16,
GEODESIC,10,1,2005-02-18,
BHAGYNAGAR,5,1,2005-02-24,
MOTHERSUMI,3,2,2005-02-24,
VISHALEXPO,5,1,2005-02-25,
KPIT,2,1,2005-03-03,
GLENMARK,2,1,2005-03-04,
RICOAUTO,10,1,2005-03-11,
LCCINFOTEC,5,1,2005-03-14,
GAMMONIND,5,1,2005-03-15,
HITECHGEAR,2,1,2005-03-16,
STERLINBIO,2,1,2005-03-18,
BEPL,10,1,2005-03-21,
BALRAMCHIN,10,1,2005-03-23,
JBCHEPHARM,5,1,2005-04-05,
RUCHINFRA,40,1,2005-04-21,
HEXAWARE,5,1,2005-04-28,
INDSWFTLTD,5,1,2005-04-29,
ABAN,5,1,2005-05-04,
EIDPARRY,5,1,2005-05-27,
GREENPLY,2,1,2005-06-16,
AMBUJACEM,15,2,2005-06-20,
CARBORUNIV,2,1,2005-06-23,
HCLINSYS,5,1,2005-07-08,
SUBROS,2,1,2005-07-13,
BHARATFORG,5,1,2005-07-20,
RANBAXY,2,1,2005-07-25,
GEOMETRIC,5,1,2005-08-02,
OCL,5,1,2005-08-02,
HAVELLS,2,1,2005-08-04,
SWARAJENG,3,1,2005-08-12,
OPTOCIRCUI,3,2,2005-08-16,
PRAJIND,10,1,2005-08-17,
SHASUNPHAR,5,1,2005-08-19,
TATAINVEST,3,2,2005-08-22,
WIPRO,2,1,2005-08-22,
NBVENTURES,5,1,2005-08-24,
NCC,5,1,2005-08-24,
KOTAKBANK,5,2,2005-08-25,
VISHALEXPO,3,1,2005-08-25,
INDIANHUME,5,3,2005-08-29,
HINDALCO,10,1,2005-08-30,
MM,2,1,2005-09-01,
ASAHIINDIA,2,1,2005-09-01,
CASTEXTECH,5,1,2005-09-08,
RAJESHEXPO,5,1,2005-09-09,
ORCHIDPHAR,3,2,2005-09-15,
VTL,3,2,2005-09-15,
DCW,5,1,2005-09-20,
PIDILITIND,10,1,2005-09-20,
ITC,15,1,2005-09-21,
METALFORGE,3,1,2005-09-22,
JAYBARMARU,2,1,2005-09-23,
SAMBHAAV,10,1,2005-09-23,
SHRENUJ,5,1,2005-09-23,
UPL,5,1,2005-09-27,
BLISSGVS,7,5,2005-09-28,
DCMSHRIRAM,10,1,2005-10-07,
ASTRAMICRO,10,1,2005-10-07,
GUJFLUORO,5,1,2005-10-10,
SINTEX,5,1,2005-10-10,
SURYALAXMI,2,1,2005-10-10,
TAJGVK,5,1,2005-10-10,
LIBERTSHOE,2,1,2005-10-13,
HIMATSEIDE,4,1,2005-10-14,
KAJARIACER,5,1,2005-10-19,
GULFPETRO,8,5,2005-10-20,
DISHMAN,5,1,2005-10-21,
ZODIACLOTH,2,1,2005-10-24,
PARASPETRO,10,1,2005-10-26,
DALMIASUG,5,1,2005-10-27,
HELIOSMATH,2,1,2005-10-27,
CRANESSOFT,10,1,2005-11-02,
HCC,10,1,2005-11-08,
MPHASIS,2,1,2005-11-11,
GABRIEL,10,1,2005-12-30,
HSIL,5,2,2005-12-30,
COROMANDEL,5,1,2006-01-02,
SUBEX,2,1,2006-01-05,
GAEL,5,1,2006-01-06,
RADICO,5,1,2006-01-06,
ANTGRAPHIC,10,1,2006-01-06,
AARTIIND,2,1,2006-01-13,
DABUR,2,1,2006-01-19,
BALKRISIND,3,1,2006-01-27,
KLGSYSTEL,2,1,2006-01-27,
ANSALAPI,3,2,2006-01-27,
MERCATOR,5,2,2006-02-02,
STERTOOLS,2,1,2006-02-02,
SHAHALLOYS,2,1,2006-02-13,
TORNTPHARM,4,1,2006-02-20,
VIMTALABS,5,1,2006-02-24,
KCPSUGIND,10,1,2006-03-08,
JUBILANT,5,1,2006-03-17,
ASHAPURMIN,5,1,2006-03-23,
MASTEK,2,1,2006-03-27,
IVRCLINFRA,5,1,2006-03-29,
THERMAX,5,1,2006-03-31,
JAYAGROGN,2,1,2006-04-13,
KALPATPOWR,2,1,2006-04-13,
MAHSEAMLES,2,1,2006-04-18,
CIPLA,5,2,2006-04-24,
ANSALAPI,2,1,2006-05-10,
HINDDORROL,5,1,2006-05-26,
TUBEINVEST,5,1,2006-05-31,
ESSELPACK,5,1,2006-06-08,
SIEMENS,5,1,2006-06-13,
ASTRAZEN,5,1,2006-06-15,
IVC,3,2,2006-06-23,
UNITECH,65,1,2006-06-23,
INFY,2,1,2006-07-13,
KARURVYSYA,2,1,2006-07-19,
HAVELLS,2,1,2006-07-20,
CYIENT,3,1,2006-07-28,
JYOTISTRUC,5,1,2006-07-28,
TCS,2,1,2006-07-28,
WENDT,2,1,2006-08-07,
CROMPGREAV,5,1,2006-08-10,
LUPIN,2,1,2006-08-11,
GODREJCP,4,1,2006-08-24,
GODREJIND,6,1,2006-08-25,
DRREDDY,2,1,2006-08-28,
CADILAHC,2,1,2006-08-30,
SUPERSPIN,10,1,2006-09-01,
BHAGYNAGAR,2,1,2006-09-07,
EXIDEIND,10,1,2006-09-08,
HOTELEELA,5,1,2006-09-08,
EIHOTEL,15,2,2006-09-12,
SIMPLEXINF,5,1,2006-09-13,
SONASTEER,2,1,2006-09-14,
BLUESTARCO,5,1,2006-09-20,
NCC,2,1,2006-09-20,
VOLTAS,10,1,2006-09-22,
ALPSINDUS,2,1,2006-09-22,
JAYBARMARU,2,1,2006-09-25,
GEOJITBNPP,10,1,2006-09-26,
ALEMBICLTD,5,1,2006-09-26,
NAVNETEDUL,5,1,2006-09-27,
GUJNRECOKE,2,1,2006-09-28,
LT,2,1,2006-09-28,
ASSAMCO,10,1,2006-09-29,
SATYAMCOMP,2,1,2006-10-09,
BERGEPAINT,8,5,2006-10-12,
MUNJALSHOW,5,1,2006-10-16,
ELECON,5,1,2006-10-17,
INDHOTEL,10,1,2006-10-27,
ONGC,3,2,2006-10-27,
OPTOCIRCUI,2,1,2006-10-30,
SUPREMEIND,2,1,2006-11-13,
LAKSHVILAS,3,2,2006-11-17,
BBL,10,1,2006-11-21,
ALICON,2,1,2006-12-04,
TCI,5,1,2006-12-05,
SANWARIA,5,2,2006-12-08,
GRAPHITE,5,1,2006-12-11,
FRL,5,1,2006-12-12,
LAXMIMACH,10,1,2006-12-13,
CROMPGREAV,7,5,2006-12-14,
MMFL,2,1,2006-12-20,
KEI,5,1,2006-12-21,
CREST,3,2,2006-12-27,
HTMEDIA,5,1,2006-12-28,
KPIT,5,1,2007-01-04,
SUNDRMFAST,2,1,2007-01-04,
FINCABLES,5,1,2007-01-08,
DOLPHINOFF,8,5,2007-01-11,
APARINDS,4,3,2007-01-11,
SOTL,5,3,2007-01-17,
ZANDUREALT,4,3,2007-01-18,
DABUR,3,2,2007-01-25,
PARACABLES,5,1,2007-01-25,
SIYSIL,3,2,2007-01-29,
GOKEX,2,1,2007-02-08,
MARICO,10,1,2007-02-21,
ATLANTA,5,1,2007-02-26,
GANESHHOUC,3,1,2007-03-02,
PUNJABCHEM,2,1,2007-03-08,
MAX,5,1,2007-03-12,
DCHL,5,1,2007-03-13,
HCLTECH,2,1,2007-03-15,
SUVEN,4,1,2007-03-23,
NRBBEARING,5,1,2007-03-26,
PUNJLLOYD,5,1,2007-03-29,
ANSALAPI,2,1,2007-04-23,
MIRZAINT,5,1,2007-04-24,
THOMASCOOK,10,1,2007-05-14,
PAPERPROD,5,1,2007-05-25,
BHEL,2,1,2007-05-31,
GUJAPOLLO,3,1,2007-06-04,
ABB,5,1,2007-06-28,
GEMINI,2,1,2007-07-17,
MOSERBAER,3,2,2007-07-17,
KSOILS,10,1,2007-07-18,
PRAJIND,2,1,2007-07-18,
SUNTV,4,1,2007-07-23,
EASUNREYRL,5,1,2007-07-31,
DIVISLAB,5,1,2007-08-03,
NUCLEUS,2,1,2007-08-03,
GEODESIC,3,2,2007-08-17,
APOLLOTYRE,10,1,2007-08-17,
EKC,5,1,2007-08-21,
SANGHVIMOV,5,1,2007-08-23,
NIITLTD,15,2,2007-08-24,
3IINFOTECH,2,1,2007-08-27,
HIRECT,5,1,2007-08-28,
USHAMART,5,1,2007-08-29,
BANCOINDIA,2,1,2007-08-30,
MOTHERSUMI,3,2,2007-08-30,
NIITTECH,3,2,2007-08-30,
UNITECH,2,1,2007-08-30,
GLENMARK,2,1,2007-09-10,
ELECTCAST,10,1,2007-09-17,
AMARAJABAT,5,1,2007-09-19,
GMRINFRA,5,1,2007-09-28,
VALECHAENG,3,2,2007-10-04,
JAICORPLTD,20,1,2007-10-05,
ANANTRAJ,5,1,2007-10-08,
MANINDS,2,1,2007-10-09,
ELECON,3,1,2007-10-10,
PENINLAND,5,1,2007-10-16,
ASHAPURMIN,2,1,2007-10-18,
BLKASHYAP,2,1,2007-10-22,
ADVANIHOTR,5,1,2007-10-22,
ASIANELEC,2,1,2007-10-22,
ICSA,5,1,2007-10-23,
JBMA,3,2,2007-10-24,
OPTOCIRCUI,3,2,2007-10-25,
WSTCSTPAPR,5,1,2007-10-26,
RUCHISOYA,5,1,2007-10-29,
GMDCLTD,5,1,2007-11-08,
SUBROS,5,1,2007-11-20,
BANCOINDIA,5,1,2007-11-23,
JPASSOCIAT,5,1,2007-12-17,
KANORICHEM,3,1,2007-12-31,
JAGRAN,5,1,2008-01-09,
CLASSIC,5,1,2008-01-11,
DELTACORP,10,1,2008-01-15,
JINDALSTEL,5,1,2008-01-21,
SUZLON,5,1,2008-01-21,
CINEVISTA,5,1,2008-01-22,
CUB,10,1,2008-01-23,
ROLTA,2,1,2008-01-24,
RAJESHEXPO,6,1,2008-01-29,
GUJFLUORO,2,1,2008-02-01,
ORIENTPPR,10,1,2008-02-01,
SANWARIA,2,1,2008-02-04,
GVKPIL,10,1,2008-02-08,
PHOENIXLTD,5,1,2008-02-13,
TV18BRDCST,5,1,2008-02-21,
PTL,5,1,2008-02-25,
WALCHANNAG,10,1,2008-02-25,
SIEMENS,2,1,2008-02-29,
MARKSANS,10,1,2008-03-11,
PDUMJEIND,5,1,2008-03-11,
ACE,5,1,2008-03-13,
EMCO,5,1,2008-03-14,
GANDHITUBE,2,1,2008-03-17,
STCINDIA,2,1,2008-03-19,
KGL,10,1,2008-04-04,
NMDC,10,1,2008-04-10,
RENUKA,10,1,2008-04-10,
CONCOR,2,1,2008-04-16,
CENTURYPLY,10,1,2008-04-24,
EVINIX,10,1,2008-04-29,
TANLA,2,1,2008-05-02,
NMDC,3,1,2008-05-21,
RPOWER,8,5,2008-05-30,
EASTSILK,5,1,2008-06-27,
MIC,5,1,2008-06-27,
BIRLAMONEY,10,1,2008-07-11,
TRICOM,5,1,2008-07-15,
MOTILALOFS,5,1,2008-07-25,
IVC,3,2,2008-07-28,
IIFL,5,1,2008-08-08,
VEDL,20,1,2008-08-08,
HDIL,9,7,2008-08-21,
SUNDARMFIN,2,1,2008-08-22,
SONASTEER,2,1,2008-09-02,
JMFINANCIL,25,1,2008-09-08,
BIOCON,2,1,2008-09-11,
AICHAMP,2,1,2008-09-11,
ERAINFRA,5,1,2008-09-17,
GEMINI,5,1,2008-09-17,
HERCULES,10,1,2008-09-17,
TAKE,10,1,2008-09-18,
BLISSGVS,8,5,2008-09-26,
MMFL,2,1,2008-09-26,
SANWARIA,2,1,2008-09-26,
AROGRANITE,3,2,2008-09-26,
LT,2,1,2008-10-01,
RAMCOCEM,20,1,2008-10-01,
VALECHAENG,3,2,2008-10-01,
GAIL,3,2,2008-10-06,
HIRECT,2,1,2008-10-06,
AIAENG,5,1,2008-10-13,
AMARAJABAT,3,2,2008-10-14,
GMDCLTD,2,1,2008-10-16,
GUJNRECOKE,7,5,2008-10-17,
SCI,3,2,2008-10-29,
TIMETECHNO,10,1,2008-10-29,
UPL,2,1,2008-10-29,
OPTOCIRCUI,17,10,2008-11-03,
JINDRILL,2,1,2008-11-06,
RATNAMANI,5,1,2008-11-06,
NECLIFE,10,1,2008-11-12,
JYOTHYLAB,5,1,2008-12-12,
GUJAPOLLO,3,2,2008-12-19,
TEXINFRA,10,1,2009-01-01,
REIAGROLTD,10,1,2009-02-05,
PDUMJEPULP,5,1,2009-03-23,
BIRLAPOWER,10,1,2009-04-24,
TCS,2,1,2009-06-16,
DOLPHINOFF,7,5,2009-06-29,
BHARTIARTL,2,1,2009-07-24,
DIVISLAB,2,1,2009-07-30,
AUSTRAL,10,1,2009-08-07,
ORIENTABRA,2,1,2009-08-12,
GLODYNE,2,1,2009-08-20,
SHREEASHTA,10,1,2009-08-20,
COUNCODOS,3,1,2009-09-04,
NAVNETEDUL,5,2,2009-09-08,
JINDALSTEL,6,1,2009-09-14,
RAMCOIND,20,1,2009-09-14,
IVC,5,1,2009-09-16,
MVL,5,1,2009-09-18,
GMRINFRA,2,1,2009-10-01,
GOKUL,5,1,2009-10-14,
SWELECTES,2,1,2009-10-14,
FCSSOFT,10,1,2009-10-15,
BIRLACOT,10,1,2009-10-23,
GAMMNINFRA,5,1,2009-10-26,
REISIXTEN,5,1,2009-10-26,
EDUCOMP,5,1,2009-10-27,
IOC,2,1,2009-10-29,
MADHUCON,2,1,2009-11-05,
ADSL,2,1,2009-11-11,
HINDNATGLS,5,1,2009-11-12,
ALLCARGO,5,1,2009-11-19,
HBLPOWER,10,1,2009-11-24,
RELIANCE,2,1,2009-11-26,
JINDALSAW,5,1,2009-12-10,
ADANIENT,2,1,2009-12-10,
JKLAKSHMI,2,1,2009-12-17,
JPASSOCIAT,3,2,2009-12-17,
INFOMEDIA,3,2,2009-12-18,
NUTEK,2,1,2009-12-23,
WEBELSOLAR,2,1,2009-12-29,
LITL,10,1,2010-01-04,
BAJAJELEC,5,1,2010-01-28,
SHREEASHTA,5,1,2010-02-01,
CCCL,5,1,2010-02-10,
KRBL,10,1,2010-02-10,
FCSSOFT,2,1,2010-02-26,
CROMPGREAV,7,4,2010-03-08,
STRTECH,5,1,2010-03-09,
HINDDORROL,2,1,2010-03-15,
PIDILITIND,2,1,2010-03-15,
RENUKA,2,1,2010-03-15,
IVRCLINFRA,2,1,2010-03-18,
MURLIIND,5,1,2010-03-18,
SUPRAJIT,10,1,2010-03-18,
IPCALAB,5,1,2010-03-22,
MM,2,1,2010-03-29,
CADILAHC,3,2,2010-04-05,
UNITY,5,1,2010-04-07,
ENGINERSIN,6,1,2010-05-06,
GUJNRECOKE,11,10,2010-05-06,
KABRAEXTRU,2,1,2010-05-17,
IVRCLAH,3,2,2010-05-20,
REIAGROLTD,3,2,2010-06-07,
RALLIS,3,2,2010-06-08,
CYIENT,2,1,2010-06-10,
KWALITY,12,7,2010-06-15,
WIPRO,5,3,2010-06-15,
PANORAMUNI,6,1,2010-06-21,
RSSOFTWARE,128,100,2010-06-21,
GENESYS,2,1,2010-06-23,
KANSAINER,2,1,2010-06-23,
ORBITCORP,2,1,2010-06-29,
TATAGLOBAL,10,1,2010-06-30,
TULIP,5,1,2010-07-06,
NESCO,2,1,2010-07-20,
EMAMILTD,2,1,2010-07-21,
ZENSARTECH,2,1,2010-07-21,
ECLERX,3,2,2010-07-23,
MMTC,20,1,2010-07-29,
PRATIBHA,5,1,2010-07-30,
ITC,2,1,2010-08-03,
EDELWEISS,10,1,2010-08-10,
HCC,2,1,2010-08-10,
ZENITHBIR,6,5,2010-08-11,
JAYSREETEA,2,1,2010-08-13,
MAGMA,5,1,2010-08-13,
HDFC,5,1,2010-08-18,
AEGISCHEM,5,3,2010-08-18,
REDINGTON,5,1,2010-08-20,
ZODIACLOTH,3,2,2010-08-23,
LUPIN,5,1,2010-08-27,
INDIANHUME,5,1,2010-08-30,
KMSUGAR,5,1,2010-08-30,
CERA,2,1,2010-09-02,
KCP,10,1,2010-09-02,
APOLLOHOSP,2,1,2010-09-02,
NRBBEARING,2,1,2010-09-03,
KABRAEXTRU,2,1,2010-09-06,
BAJAJAUTO,2,1,2010-09-08,
BRITANNIA,5,1,2010-09-08,
DABUR,2,1,2010-09-08,
KALPATPOWR,5,1,2010-09-08,
TVSMOTOR,2,1,2010-09-08,
KOTAKBANK,2,1,2010-09-13,
PDPL,4,3,2010-09-13,
GILLANDERS,3,2,2010-09-14,
ASTRAL,2,1,2010-09-15,
KARURVYSYA,7,5,2010-09-16,
BHUSANSTL,5,1,2010-09-21,
SOUTHBANK,10,1,2010-09-23,
ADANIPORTS,5,1,2010-09-23,
DALMIASUG,3,1,2010-09-24,
NAUKRI,2,1,2010-09-27,
TI,3,1,2010-09-28,
BLKASHYAP,10,1,2010-09-29,
HAVELLS,2,1,2010-10-08,
PARSVNATH,2,1,2010-10-18,
SUPREMEIND,5,1,2010-10-18,
UNICHEMLAB,5,2,2010-10-21,
GENUSPOWER,10,1,2010-10-22,
JINDALPOLY,2,1,2010-10-22,
SINTEX,2,1,2010-10-27,
JISLJALEQS,5,1,2010-10-29,
PFOCUS,10,1,2010-10-29,
TEXINFRA,5,2,2010-11-01,
ARCHIES,5,1,2010-11-02,
NITINFIRE,5,1,2010-11-04,
HCIL,10,1,2010-11-08,
ATLANTA,5,1,2010-11-08,
ORIENTHOT,10,1,2010-11-10,
SOMANYCERA,5,1,2010-11-11,
ZEEL,2,1,2010-11-11,
MVL,2,1,2010-11-16,
BALAMINES,5,1,2010-11-18,
GREAVESCOT,5,1,2010-11-24,
SUNPHARMA,5,1,2010-11-25,
HITECHGEAR,2,1,2010-12-01,
SADBHAV,10,1,2010-12-07,
ELGIEQUIP,2,1,2010-12-14,
BALKRISIND,5,1,2010-12-20,
COROMANDEL,2,1,2010-12-23,
EIDPARRY,2,1,2010-12-23,
POLYPLEX,2,1,2010-12-23,
SURYAPHARM,10,1,2010-12-23,
KEC,5,1,2010-12-30,
LICHSGFIN,5,1,2010-12-30,
ASTRAMICRO,3,2,2010-12-30,
SHOPERSTOP,2,1,2011-01-12,
ONGC,4,1,2011-02-08,
GLODYNE,10,6,2011-02-10,
SREINFRA,9,5,2011-02-10,
AUROPHARMA,5,1,2011-02-10,
HEXAWARE,2,1,2011-02-24,
HINDZINC,10,1,2011-03-07,
NATIONALUM,4,1,2011-03-15,
SANWARIA,2,1,2011-04-07,
KSBPUMPS,2,1,2011-04-18,
ONMOBILE,2,1,2011-05-03,
TRIVENI,5,2,2011-05-03,
CMC,2,1,2011-06-08,
MANAPPURAM,2,1,2011-06-09,
RAIN,5,1,2011-06-15,
TITAN,20,1,2011-06-23,
HDFCBANK,5,1,2011-07-14,
RALLIS,10,1,2011-07-15,
ASHOKLEY,2,1,2011-08-02,
PIIND,2,1,2011-08-17,
DHANUS,17,5,2011-08-29,
NELCAST,5,1,2011-09-06,
TATAMOTORS,5,1,2011-09-12,
CUMMINSIND,7,5,2011-09-20,
INDNIPPON,7,5,2011-09-20,
NITINFIRE,7,2,2011-09-22,
ENTEGRA,17,13,2011-09-26,
TATAPOWER,10,1,2011-09-26,
JOCIL,2,1,2011-09-27,
ZODIACLOTH,3,2,2011-09-27,
CRISIL,10,1,2011-09-28,
BHEL,5,1,2011-10-03,
CARBORUNIV,2,1,2011-10-05,
MONSANTO,2,1,2011-10-05,
VIPIND,5,1,2011-10-31,
METKORE,5,1,2011-11-03,
ORIENTABRA,3,1,2011-11-11,
CASTEXTECH,2,1,2011-11-21,
DPSCLTD,10,1,2011-12-15,
PIRPHYTO,21,1,2011-12-23,
MUNJALAU,5,1,2011-12-29,
SYMPHONY,5,1,2012-02-15,
PLASTIBLEN,2,1,2012-02-29,
KPIT,2,1,2012-03-13,
OIL,5,2,2012-03-29,
OPTOCIRCUI,13,10,2012-03-29,
VAKRANGEE,20,1,2012-04-12,
SUNDARAM,3,1,2012-04-13,
INDOCO,15,2,2012-05-17,
AVTNPL,10,1,2012-06-07,
INFOMEDIA,2,1,2012-06-12,
NAUKRI,2,1,2012-06-22,
ZYLOG,2,1,2012-06-29,
HERCULES,2,1,2012-07-11,
GABRIEL,2,1,2012-07-12,
JYOTHYLAB,2,1,2012-07-12,
BPCL,2,1,2012-07-13,
MICROTECH,2,1,2012-07-17,
GRUH,5,1,2012-07-24,
AJANTPHARM,2,1,2012-08-09,
PREMIERPOL,5,1,2012-08-16,
IMPAL,2,1,2012-09-10,
GSFC,5,1,2012-09-20,
AMARAJABAT,2,1,2012-09-25,
MOTHERSUMI,3,2,2012-10-03,
BILPOWER,2,1,2012-10-04,
GOENKA,10,1,2012-10-25,
AMRUTANJAN,5,1,2012-10-25,
BOMDYEING,5,1,2012-10-30,
KANANIIND,5,1,2012-11-01,
BBTC,5,1,2012-11-08,
RUBYMILLS,2,1,2012-11-22,
SHALPAINTS,5,1,2012-11-22,
SUNDARMFIN,2,1,2012-12-13,
AGCNET,2,1,2012-12-19,
VISESHINFO,10,1,2013-01-03,
20MICRONS,2,1,2013-01-28,
MMFIN,5,1,2013-02-15,
RAJRAYON,10,1,2013-03-04,
RASOYPR,15,1,2013-03-21,
ANSALHSG,3,1,2013-04-11,
PIIND,5,1,2013-04-12,
BALMLAWRIE,7,4,2013-05-23,
FRL,3,1,2013-06-21,
EMAMILTD,3,2,2013-06-26,
SUTLEJTEX,3,2,2013-06-27,
PNBGILTS,4,3,2013-07-03,
ADVANTA,5,1,2013-07-05,
GULFPETRO,42,19,2013-07-09,
POLYMED,2,1,2013-07-09,
LT,3,2,2013-07-11,
SHILPAMED,3,2,2013-07-16,
TORNTPHARM,2,1,2013-07-23,
HERITGFOOD,2,1,2013-07-26,
SUNPHARMA,2,1,2013-07-29,
ASIANPAINT,10,1,2013-07-30,
APCOTEXIND,2,1,2013-08-14,
CCL,10,1,2013-08-19,
DIAPOWER,4,3,2013-08-26,
ASTRAL,5,2,2013-09-05,
CONCOR,3,2,2013-09-06,
AJANTPHARM,3,2,2013-09-17,
MAYURUNIQ,2,1,2013-09-25,
AVTNPL,2,1,2013-09-26,
ALEMBICLTD,2,1,2013-09-27,
PRECOT,3,2,2013-10-03,
FEDERALBNK,5,1,2013-10-17,
ASHIANA,5,1,2013-10-24,
AROGRANITE,3,2,2013-10-31,
OMAXE,49,39,2013-11-11,
RELAXO,5,1,2013-11-22,
MOTHERSUMI,3,2,2013-12-20,
IVC,3,2,2013-12-26,
KSCL,5,1,2014-01-27,
SWANENERGY,2,1,2014-02-03,
SHARONBIO,10,1,2014-02-20,
RSYSTEMS,10,1,2014-02-26,
RAJTV,4,1,2014-03-25,
VIKASECO,10,1,2014-03-27,
KOTHARIPRO,3,1,2014-03-28,
MAYURUNIQ,2,1,2014-03-28,
RAIREKMOH,3,1,2014-04-15,
MINDTREE,2,1,2014-06-03,
GRUH,2,1,2014-06-09,
DEEPAKNTR,10,1,2014-06-20,
LGBBROSLTD,2,1,2014-07-04,
SHRENUJ,2,1,2014-07-15,
AXISBANK,5,1,2014-07-28,
JMTAUTOLTD,7,2,2014-07-30,
HAVELLS,5,1,2014-08-26,
JKBANK,10,1,2014-09-04,
ALKYLAMINE,2,1,2014-09-08,
ATULAUTO,2,1,2014-09-12,
PANAMAPET,5,1,2014-09-19,
LAOPALA,5,1,2014-09-24,
ASTRAL,2,1,2014-09-25,
SUDARSCHEM,10,1,2014-09-30,
JBMA,4,1,2014-10-08,
SHIVAMAUTO,5,1,2014-10-30,
NITINFIRE,4,3,2014-11-13,
VIKASECO,5,2,2014-11-13,
SBIN,10,1,2014-11-20,
SURANATP,5,1,2014-11-25,
GODFRYPHLP,5,1,2014-11-28,
INFY,2,1,2014-12-02,
ICICIBANK,5,1,2014-12-04,
JKTYRE,5,1,2014-12-18,
PNB,5,1,2014-12-18,
BERGEPAINT,2,1,2015-01-08,
RSSOFTWARE,2,1,2015-01-21,
BANKBARODA,5,1,2015-01-22,
CORPBANK,5,1,2015-01-22,
TATACOFFEE,10,1,2015-01-23,
POLYMED,2,1,2015-02-02,
HIKAL,5,1,2015-02-27,
HCLTECH,2,1,2015-03-19,
TECHM,4,1,2015-03-19,
AJANTPHARM,5,2,2015-03-20,
GRANULES,10,1,2015-03-23,
AARTIDRUGS,2,1,2015-03-24,
KANSAINER,10,1,2015-03-26,
KSERASERA,10,1,2015-03-30,
MENONBE,5,1,2015-04-09,
INSECTICID,3,2,2015-04-16,
PITTILAM,2,1,2015-04-16,
TWL,5,1,2015-04-23,
VIVIDHA,11,1,2015-05-28,
INFY,2,1,2015-06-15,
CMAHENDRA,2,1,2015-06-18,
JMTAUTOLTD,5,1,2015-06-25,
SRSLTD,2,1,2015-06-25,
RELAXO,2,1,2015-07-01,
FEDERALBNK,2,1,2015-07-08,
KOTAKBANK,2,1,2015-07-08,
MAITHANALL,2,1,2015-07-15,
AUROPHARMA,2,1,2015-07-20,
MOTHERSUMI,3,2,2015-07-23,
SIGNET,10,1,2015-08-17,
ITDCEM,10,1,2015-08-21,
DHFL,2,1,2015-09-09,
BEL,3,1,2015-09-14,
AEGISCHEM,10,1,2015-09-16,
COLPAL,2,1,2015-09-23,
DIVISLAB,2,1,2015-09-23,
ALANKIT,5,1,2015-09-23,
APCOTEXIND,2,1,2015-09-23,
IDFC,2,1,2015-10-01,
CADILAHC,5,1,2015-10-06,
BATAINDIA,2,1,2015-10-07,
SHIVAMAUTO,2,1,2015-10-08,
RUBYMILLS,2,1,2015-10-21,
SARLAPOLY,10,1,2015-10-29,
SHILPAMED,2,1,2015-11-06,
NATCOPHARM,5,1,2015-11-26,
AVANTIFEED,5,1,2015-11-26,
JAMNAAUTO,2,1,2015-12-03,
JKIL,2,1,2015-12-10,
ECLERX,4,3,2015-12-17,
SMSPHARMA,10,1,2015-12-17,
VENKEYS,3,2,2015-12-21,
MARICO,2,1,2015-12-22,
ALLCARGO,2,1,2015-12-30,
KOTHARIPRO,3,2,2016-01-05,
GREENPLY,5,1,2016-01-06,
MOLDTKPAC,2,1,2016-02-17,
PRAKASHSTL,10,1,2016-03-03,
MINDTREE,2,1,2016-03-09,
RAMASTEEL,10,1,2016-03-14,
CROMPGREAV,293,100,2016-03-15,
TIDEWATER,4,1,2016-03-16,Demerger (155.3/53)
WELSPUNIND,10,1,2016-03-21,
PRECWIRE,2,1,2016-03-21,
SABTN,1,1,2016-03-22,Scheme of Demerger
VIVIDHA,4,3,2016-03-30,
VIVIMEDLAB,5,1,2016-04-06,
DISHMAN,2,1,2016-05-02,
GMBREW,5,4,2016-05-30,
PINCON,2,1,2016-06-23,
ITC,3,2,2016-07-01,
BPCL,2,1,2016-07-13,
GRINDWELL,2,1,2016-07-14,
BERGEPAINT,7,5,2016-07-15,
NBCC,5,1,2016-06-02,
LUXIND,5,1,2016-06-06,
WABAG,2,1,2015-03-26,
